Policy Node,Rules Node
P0,R2
P1,R9
P1,R136
P2,R13
P3,R30
P4,R58
P5,R80
P6,R82
P6,R313
P7,R92
P8,R118
P9,R124
P10,R132
P11,R206
P11,R533
P11,R667
P12,R208
P13,R266
P14,R303
P15,R327
P16,R362
P17,R391
P18,R418
P19,R524
P20,R531
P21,R545
P22,R548
P23,R552
P24,R626
P25,R675
P26,R720
P27,R805
P28,R826
P29,R875
P30,R938
P31,R945
P32,R0
P32,R8
P32,R21
P32,R64
P32,R85
P32,R108
P32,R125
P32,R189
P32,R193
P32,R204
P32,R211
P32,R242
P32,R256
P32,R265
P32,R272
P32,R289
P32,R294
P32,R296
P32,R325
P32,R336
P32,R371
P32,R373
P32,R377
P32,R425
P32,R441
P32,R470
P32,R497
P32,R522
P32,R555
P32,R557
P32,R573
P32,R587
P32,R605
P32,R612
P32,R619
P32,R682
P32,R685
P32,R692
P32,R700
P32,R710
P32,R725
P32,R739
P32,R746
P32,R762
P32,R804
P32,R807
P32,R809
P32,R816
P32,R853
P32,R873
P32,R887
P32,R888
P32,R916
P32,R935
P32,R951
P32,R965
P33,R6
P33,R170
P33,R257
P33,R428
P33,R451
P33,R574
P33,R691
P33,R778
P33,R921
P33,R934
P34,R10
P34,R11
P34,R87
P34,R214
P34,R251
P34,R366
P34,R384
P34,R427
P34,R651
P34,R740
P34,R870
P34,R914
P34,R929
P34,R958
P34,R985
P35,R20
P35,R173
P35,R396
P35,R426
P35,R519
P35,R534
P35,R607
P35,R694
P35,R730
P35,R741
P35,R827
P35,R987
P36,R35
P36,R290
P37,R65
P37,R749
P38,R86
P38,R568
P38,R879
P38,R942
P39,R90
P39,R270
P40,R91
P40,R592
P40,R666
P40,R754
P41,R94
P41,R228
P41,R271
P41,R287
P41,R328
P41,R436
P41,R468
P41,R543
P41,R595
P41,R872
P42,R96
P42,R815
P43,R131
P43,R145
P43,R188
P43,R546
P43,R817
P44,R141
P44,R338
P44,R769
P45,R148
P45,R181
P45,R282
P45,R538
P45,R684
P45,R750
P45,R844
P45,R927
P46,R172
P46,R236
P47,R209
P47,R229
P47,R401
P48,R235
P48,R570
P49,R258
P49,R446
P49,R859
P50,R284
P50,R334
P51,R297
P51,R329
P51,R435
P51,R537
P52,R310
P52,R743
P53,R321
P54,R412
P54,R445
P54,R487
P54,R514
P54,R627
P54,R659
P55,R554
P55,R992
P56,R589
P56,R755
P57,R655
P58,R991
P59,R440
P59,R956
P60,R490
P61,R33
P61,R113
P61,R138
P61,R171
P61,R261
P61,R317
P61,R400
P61,R410
P61,R465
P61,R535
P61,R583
P61,R598
P61,R644
P61,R777
P61,R838
P61,R848
P61,R863
P61,R902
P61,R944
P61,R950
P62,R38
P62,R47
P62,R137
P62,R146
P62,R275
P62,R356
P62,R723
P62,R731
P62,R939
P63,R50
P63,R62
P63,R111
P63,R147
P63,R178
P63,R243
P63,R254
P63,R263
P63,R299
P63,R302
P63,R319
P63,R322
P63,R340
P63,R358
P63,R455
P63,R459
P63,R505
P63,R511
P63,R528
P63,R549
P63,R648
P63,R744
P63,R780
P63,R794
P63,R795
P63,R829
P63,R918
P63,R960
P64,R61
P64,R126
P64,R541
P64,R717
P64,R748
P64,R767
P64,R834
P64,R943
P64,R988
P65,R66
P65,R70
P65,R307
P65,R350
P65,R376
P65,R382
P65,R388
P65,R577
P65,R608
P65,R652
P65,R814
P65,R913
P65,R952
P65,R994
P65,R995
P66,R127
P66,R267
P66,R276
P66,R306
P66,R369
P66,R403
P66,R527
P66,R745
P66,R819
P67,R183
P68,R184
P68,R210
P68,R245
P68,R278
P68,R479
P68,R539
P68,R836
P68,R878
P68,R957
P68,R996
P69,R230
P69,R466
P70,R333
P71,R389
P71,R984
P72,R702
P72,R852
P72,R860
P73,R24
P73,R162
P73,R422
P74,R218
P74,R237
P74,R600
P74,R693
P74,R930
P74,R933
P75,R231
P76,R18
P77,R71
P78,R151
P79,R215
P80,R530
P81,R56
P81,R773
P82,R88
P82,R699
P82,R798
P82,R820
P83,R186
P83,R473
P84,R234
P84,R979
P85,R286
P85,R738
P86,R316
P86,R361
P86,R416
P86,R610
P86,R669
P86,R673
P87,R893
P88,R7
P88,R253
P88,R485
P88,R713
P89,R25
P89,R419
P89,R831
P89,R862
P90,R48
P90,R53
P90,R349
P91,R104
P91,R187
P91,R420
P92,R372
P93,R390
P93,R506
P93,R880
P94,R481
P94,R520
P94,R544
P95,R496
P95,R793
P95,R964
P96,R578
P97,R74
P97,R291
P97,R308
P97,R494
P97,R765
P97,R976
P98,R117
P98,R219
P98,R732
P98,R909
P99,R157
P100,R499
P100,R759
P101,R633
P101,R961
P102,R1
P102,R97
P102,R135
P102,R312
P102,R458
P102,R601
P102,R602
P102,R628
P102,R674
P102,R718
P102,R736
P102,R842
P102,R850
P102,R894
P102,R896
P103,R16
P103,R847
P103,R948
P104,R31
P104,R34
P104,R55
P104,R84
P104,R165
P104,R205
P104,R216
P104,R311
P104,R478
P104,R516
P104,R559
P104,R580
P104,R613
P104,R716
P104,R760
P104,R832
P104,R857
P104,R891
P105,R39
P105,R176
P105,R295
P105,R705
P105,R722
P105,R824
P105,R835
P105,R890
P105,R949
P105,R959
P106,R69
P106,R318
P106,R386
P106,R437
P106,R456
P106,R542
P106,R581
P106,R645
P106,R683
P106,R733
P106,R830
P106,R864
P106,R882
P106,R899
P107,R107
P107,R434
P107,R884
P108,R305
P108,R661
P108,R986
P109,R343
P109,R484
P109,R664
P109,R790
P109,R822
P109,R962
P110,R357
P110,R503
P110,R621
P110,R833
P111,R402
P111,R639
P111,R974
P112,R432
P113,R447
P113,R566
P114,R783
P115,R1001
P116,R22
P116,R326
P116,R406
P116,R662
P116,R975
P117,R161
P117,R197
P117,R279
P117,R640
P117,R712
P117,R727
P117,R801
P117,R841
P117,R849
P117,R932
P118,R57
P118,R130
P118,R512
P118,R647
P118,R821
P119,R752
P120,R102
P120,R203
P121,R156
P121,R776
P122,R174
P122,R252
P122,R255
P122,R346
P123,R240
P124,R344
P124,R846
P125,R443
P125,R786
P126,R690
P127,R179
P127,R492
P128,R4
P128,R73
P128,R324
P128,R642
P128,R679
P128,R867
P129,R17
P129,R192
P129,R617
P129,R636
P129,R729
P129,R982
P130,R29
P130,R36
P130,R51
P130,R95
P130,R152
P130,R153
P130,R226
P130,R238
P130,R247
P130,R269
P130,R351
P130,R370
P130,R395
P130,R413
P130,R453
P130,R584
P130,R632
P130,R643
P130,R663
P130,R670
P130,R697
P130,R708
P130,R799
P130,R908
P130,R936
P130,R1002
P131,R37
P131,R281
P131,R355
P131,R363
P131,R364
P131,R414
P131,R676
P131,R735
P131,R810
P131,R989
P132,R40
P132,R133
P132,R194
P132,R199
P132,R200
P132,R207
P132,R233
P132,R246
P132,R523
P132,R590
P132,R609
P132,R637
P132,R680
P132,R709
P132,R714
P132,R719
P132,R811
P132,R937
P132,R955
P133,R49
P133,R461
P133,R564
P133,R597
P133,R724
P133,R919
P134,R339
P134,R433
P134,R585
P134,R920
P135,R110
P136,R120
P136,R417
P136,R424
P136,R469
P136,R881
P137,R250
P137,R889
P137,R903
P138,R277
P138,R904
P139,R354
P139,R895
P139,R953
P140,R498
P141,R586
P142,R634
P143,R635
P144,R823
P145,R905
P146,R163
P146,R508
P146,R771
P147,R168
P147,R892
P147,R924
P147,R972
P148,R320
P148,R399
P149,R517
P149,R593
P150,R164
P150,R898
P151,R167
P151,R368
P152,R845
P153,R268
P153,R285
P153,R839
P154,R81
P154,R347
P154,R625
P154,R668
P154,R802
P155,R83
P156,R103
P157,R341
P157,R654
P157,R704
P157,R871
P158,R398
P158,R421
P159,R100
P159,R791
P160,R155
P161,R726
P162,R122
P162,R190
P162,R656
P162,R931
P162,R967
P163,R166
P164,R404
P164,R874
P165,R649
P166,R159
P167,R611
P167,R797
P168,R606
